X_Obs,Y_Obs,Z_Obs,S1_mag,S2_mag,S3_mag,S1DirX,S1DirY,S1DirZ,S2DirX,S2DirY,S2DirZ,S3DirX,S3DirY,S3DirZ
439092.7,4373573.3,0,0.0619895073770675,0.0225976761178063,-0.126982518000018,0.409459250662384,-0.23760032269483,-0.880845734906125,0.508810418806046,-0.741924154221549,0.436646890630238,0.757268168987324,0.626972595922623,0.18289418853707
439092.7,4374573.3,0,0.0704811193948686,0.0250268594309306,-0.158274080966023,0.330815722946012,-0.201870862467819,-0.921850916546817,0.470806219421321,-0.811295166277567,0.346614565373208,0.817864573878775,0.548678692917042,0.173347139384923
439092.7,4375573.3,0,0.0796891552043818,0.0257076795510969,-0.190488706288314,0.263868754689847,-0.152507635844028,-0.952425693326096,0.418266323553477,-0.871662575899653,0.255455742462446,0.869152784543367,0.465774381847314,0.166215710254071
439092.7,4376573.3,0,0.0892890004326142,0.0241801585744529,-0.220931560477538,0.215582027413009,-0.102287939143934,-0.971113570578737,0.354826815072805,-0.918313154757795,0.175496099968276,0.90973750101982,0.38241094035667,0.161677308035919
439092.7,4377573.3,0,0.0986961617216656,0.0205702560560841,-0.247158574056248,0.186067321466435,-0.0604670071801127,-0.980674611135103,0.287350224714956,-0.951117034388813,0.113164637814527,0.939579054810488,0.302853310924793,0.159596590888779
439092.7,4378573.3,0,0.107256756662454,0.0155350185986409,-0.267673174866352,0.170946611609956,-0.0302416402822293,-0.984816073778305,0.222252556613877,-0.972583707192506,0.0684451136479308,0.959885960444089,0.230578350451041,0.159538607382686
439092.7,4379573.3,0,0.114444115730909,0.0100218323146286,-0.282182298897657,-0.164963236923607,0.0107729652530436,0.986240880152178,0.163554799916975,-0.985797295337975,0.038125056438662,-0.972644312114045,-0.167593662541248,-0.160858342613015
439092.7,4380573.3,0,0.119939436345357,0.00500524579487481,-0.291347632686221,-0.163858583995621,-0.000384925433225254,0.986483763821463,0.112663194867972,-0.993464220679265,0.0183261221288805,-0.980029269447138,-0.114143304939677,-0.16283100737991
439092.7,4381573.3,0,0.123605907155139,0.00129008070239079,-0.296258338338428,0.16477195706676,0.00596131627314551,-0.986313674686041,0.0688301519861725,-0.997613401959419,0.00546904091365501,0.98392713772004,0.0687892647093013,0.164789030942
439092.7,4382573.3,0,0.125416991562373,-0.000596869585319486,-0.29790998864872,0.166062533187842,0.00848307007303912,-0.986078735493963,0.029796938497869,-0.999549558195119,-0.00358094513992049,0.985664941817142,0.0287874666144279,0.16624050119791
439092.7,4383573.3,0,0.125388745284504,-0.000436776955546688,-0.296863364885496,0.167037950335524,0.0101920011232583,-0.985897786923579,-0.00751383582238585,-0.999904372292472,-0.0116098467531827,0.985921835349508,-0.00934715911395814,0.166945395856122
439092.7,4384573.3,0,0.123540433776584,0.00170533788301808,-0.293122336629628,0.167759937476544,0.0131404415432785,-0.98574029651522,0.0463369610886078,0.998700897203123,0.0211991500478064,-0.984738284730993,0.0492325778496741,-0.166933111944087
439092.7,4385573.3,0,0.119890182651043,0.00552598257951562,-0.286190931690346,0.168985106759593,0.0193850927858583,-0.985427953668421,0.0895236217541872,0.99537190857197,0.0349325746804663,-0.981544474204537,0.0941221642519802,-0.166467604521303
439092.7,4386573.3,0,0.11448591798788,0.0105143261163111,-0.275251452293636,0.172284902736074,0.0312376272233505,-0.984551737053303,0.139127231019082,0.988705945565275,0.0557150499671206,-0.975172562102823,0.146576818935774,-0.165993103087101
439092.7,4387573.3,0,0.107467889733669,0.0159555696166804,-0.259434051960384,-0.180366409660035,-0.0514213276772704,0.982254450397785,0.195965652077493,0.976733424253646,0.0871164803673228,0.96388039790847,-0.208201020664294,0.166093086918615
439092.7,4388573.3,0,0.099143365658594,0.020952892276463,-0.238189404125237,-0.19743550889323,-0.0827150154604609,0.976820068408429,0.258973013804752,0.956635177667402,0.133349596812819,0.945490453653,-0.279297982568141,0.167452796287227
439092.7,4389573.3,0,0.0900225679177406,0.0245569513854437,-0.211731579965203,-0.228974338007206,-0.126384634760676,0.965193077384298,0.324453598702728,0.924928644295285,0.19808297567165,0.917769369080823,-0.35851628562521,0.170778974462584
439092.7,4390573.3,0,0.0807424916861829,0.0260401687059068,-0.181350647667199,-0.279732575662987,-0.179007079250033,0.943242361056438,0.386044726241167,0.878569457257561,0.281220870696928,0.879044455903303,-0.442800377543344,0.17665975827318
440092.7,4373573.3,0,0.0770705942572343,0.028017513918203,-0.152294677624159,0.429907093399767,-0.248229472040975,-0.868079501114283,0.523460328118507,-0.714853705454862,0.463652310124211,0.735642016153665,0.653732597479819,0.177382397834901
440092.7,4374573.3,0,0.0889195753981464,0.0318480917140643,-0.197008222696645,0.336679263313355,-0.212064851038363,-0.917428783398937,0.485402339186768,-0.795789904816719,0.362081477714356,0.806865318852403,0.567227402675395,0.164989184152583
440092.7,4375573.3,0,0.102043234944244,0.0328221622623997,-0.24385296924771,0.256371588363007,-0.154985461417312,-0.954071860726168,0.428160801126037,-0.866729155607998,0.255849368180101,0.866574830617264,0.474088681122329,0.155846030980426
440092.7,4376573.3,0,0.115978351085452,0.0299454328831222,-0.287893155623636,0.200697287382601,-0.0962225292982418,-0.974916316251151,0.356314143024367,-0.919836469439444,0.164137445362081,0.912557302484659,0.380318411787581,0.150323236185545
440092.7,4377573.3,0,0.129693131424899,0.0234553454876439,-0.324673131933979,0.169752712284003,-0.0495036899750357,-0.984242552093273,0.280257954708575,-0.95507473545791,0.0963728619092018,0.944796007344861,0.292201359286468,0.148252723874976
440092.7,4378573.3,0,0.14203908457353,0.0146468966206444,-0.351801148621243,-0.156478059756756,0.0183528835662149,0.987510905499056,0.209312525305859,-0.976501410677871,0.051315316370561,-0.965247576306123,-0.214728122538553,-0.148959557686719
440092.7,4379573.3,0,0.152191911661827,0.005269771062798,-0.369378193272135,-0.153273677143438,0.000556330487334558,0.988183621798762,0.148682337222657,-0.988602925918601,0.0236181596062791,-0.97693435935734,-0.150545492664405,-0.151444089173181
440092.7,4380573.3,0,0.159769056816313,-0.00302042764135456,-0.379250359497028,0.154626148160573,0.00763901579137063,-0.987943520522689,0.0996526409673356,-0.994990897835891,0.00790344051433038,0.982934435989125,0.0996732595106004,0.154612858085195
440092.7,4381573.3,0,0.164711891493628,-0.00898174766072852,-0.383804822903466,0.157188251569081,0.00978939488127756,-0.987520137170131,0.0605958480044414,-0.998162351985967,-0.00024956455040773,0.985707865837175,0.0598003915179543,0.157492591575037
440092.7,4382573.3,0,0.167107433955169,-0.011897575780635,-0.384977263649642,0.159217016067942,0.00884469480152232,-0.9872039876177,0.0280144486666857,-0.999597668507141,-0.00443754222400612,0.986846053070246,0.0269494432030816,0.159400737296668
440092.7,4383573.3,0,0.167050688748851,-0.0115458093258005,-0.383734609959843,0.160064076187365,0.00720252597417527,-0.987080348874334,-0.00245566190567673,-0.999967379602991,-0.0076947679972972,0.98710357168784,-0.00365559154153633,0.160041167864993
440092.7,4384573.3,0,0.164575444934101,-0.00809285858208444,-0.379980959590146,0.159856493153407,0.00691487900401997,-0.987116044872666,0.0351729702965398,0.999300589132787,0.0126962482405091,-0.986513438204069,0.036749381045477,-0.159501470951088
440092.7,4385573.3,0,0.159648291685037,-0.00197723354423844,-0.372728250407014,0.159379763017254,0.00999068687360127,-0.98716679305797,0.0739001677227944,0.997022471248408,0.0220217400824833,-0.984447487858599,0.0764616112929306,-0.158166891754823
440092.7,4386573.3,0,0.152221523763738,0.00613857054923625,-0.360385795213754,0.160222496573942,0.018863496975116,-0.986900663731403,0.12151914211808,0.991834898141845,0.0386863403133618,-0.979572278951635,0.12612574404072,-0.156621987599685
440092.7,4387573.3,0,0.142355178847218,0.0152757166547651,-0.341106310273515,0.165335051275568,0.0369410922440378,-0.985545370098973,0.179692828800561,0.981443078289525,0.0669325881408523,-0.969729244736569,0.188161738356655,-0.155628892308736
440092.7,4388573.3,0,0.13039852149743,0.0240058076165086,-0.31333893484149,-0.179955984182182,-0.068578931166507,0.981281190055675,0.247880992622823,0.962212360702313,0.112704864171897,0.951930069518421,-0.263522870187279,0.156156458831879
440092.7,4389573.3,0,0.117134686222641,0.0305790691475538,-0.276766119086045,-0.211994418487466,-0.117084634774288,0.970231701620769,0.321685273807214,0.929109882145944,0.182410009358937,0.922809271272097,-0.350779154452658,0.159301706380503
440092.7,4390573.3,0,0.103686283791687,0.0335054691170804,-0.233242324463456,-0.269377017149205,-0.179207784034974,0.946213819796071,0.391950646725846,0.877074065331343,0.277697271240359,0.879665114212783,-0.445674381207205,0.16602298868707
441092.7,4373573.3,0,0.0976784680565211,0.0354006496332173,-0.184454562371236,0.45752795158916,-0.262264097245448,-0.8496385801096,0.538198784996647,-0.678934198929447,0.499390049312321,0.70782076922252,0.68575935780714,0.169481154814275
441092.7,4374573.3,0,0.114640110215341,0.0419493354821819,-0.25104355289833,0.345032537675977,-0.228840833212744,-0.910266126470371,0.501416361539776,-0.774892569331415,0.384867689440373,0.793431900244179,0.58921420472478,0.152618611661411
441092.7,4375573.3,0,0.133893423325999,0.0437134046397822,-0.322697275130411,0.245144082097696,-0.161383214841952,-0.955960164954458,0.438667674130681,-0.860870977201013,0.257821318524576,0.864566394607873,0.482552192597079,0.140243826012037
441092.7,4376573.3,0,0.154849097244561,0.0383782595868118,-0.389647580932506,0.179028612468107,-0.0902715162783037,-0.979693732380972,0.355137503376995,-0.922714300938125,0.149918886533425,0.917510822613499,0.374765756430711,0.133133460084299
441092.7,4377573.3,0,0.175530003699977,0.0265010550928303,-0.443092911686821,-0.146800939537776,0.0372307808981787,0.988465150171992,0.267390859889233,-0.96059485833871,0.0758923328204599,-0.952340071717306,-0.275447612236786,-0.131061057200567
441092.7,4378573.3,0,0.193761874748163,0.0108957755931219,-0.47913498070444,-0.136465822465445,0.00545775266687621,0.990629745280575,0.189274859972177,-0.981419370980801,0.0314808774680965,-0.97239503633109,-0.191797370157872,-0.132897186272628
441092.7,4379573.3,0,0.208246093602704,-0.00505169481381472,-0.499309717510959,0.136885266404886,0.00995210434915388,-0.990536914738813,0.127195414553405,-0.991848466455578,0.00761223398917627,0.982386762104341,0.127033756178199,0.137035303602418
441092.7,4380573.3,0,0.218654097243289,-0.0185516791860959,-0.508260686135868,0.14109323178281,0.0146758507898687,-0.989887528635792,0.0817138197222493,-0.996650922113523,-0.00312907600812154,0.986618240056144,0.0804459996137682,0.141819919386029
441092.7,4381573.3,0,0.225216087560858,-0.0278260365895391,-0.510956658419176,0.145387470248739,0.0132378549183121,-0.989286228900329,0.0496474451260358,-0.998748370887853,-0.00606818270299745,0.988128339178231,0.0482332960310759,0.145862724734078
441092.7,4382573.3,0,0.228305714671723,-0.0320872827559983,-0.510913961928484,0.148088883892199,0.00896291025473737,-0.988933439978307,0.0257364522837413,-0.999655206063291,-0.00520615159266441,0.988639123993892,0.0246806651110668,0.148268497255033
441092.7,4383573.3,0,0.228187417968389,-0.0312948403605607,-0.509612871097646,0.148711465763888,0.00428712093839877,-0.988871336698772,0.00407284197107095,-0.99998477621638,-0.00372280724117708,0.988872242460387,0.00347389256250366,0.148726662578804
441092.7,4384573.3,0,0.224918126345316,-0.0258593744934206,-0.506643415689703,0.147509203490856,0.00111717886467443,-0.989060052169168,0.0208293160672451,0.999774073352137,0.00423578151533764,-0.988841329272631,0.0212262611936062,-0.147452607159306
441092.7,4385573.3,0,0.218348206678856,-0.0163837587186161,-0.500152531829162,0.145283300400967,0.00117346859765318,-0.989389400385941,0.0534794837945886,0.998528052619661,0.00903730848496551,-0.987943676247622,0.0542250044079151,-0.145006694532683
441092.7,4386573.3,0,0.20818976251003,-0.00352075388476281,-0.487341688191741,0.143454472268991,0.00666312125506741,-0.989634486667257,0.097537284192977,0.995013695238472,0.0208380536552729,-0.98483871399244,0.099515572163465,-0.142089261799386
441092.7,4387573.3,0,0.194216234391863,0.0116992495154041,-0.464708460496338,0.144861407559009,0.0215820328184831,-0.989216552863651,0.15604627306346,0.986752246900841,0.0443797690298932,-0.977069461841392,0.160792472135869,-0.139574523611613
441092.7,4388573.3,0,0.176671543287478,0.027129789616453,-0.428475178025261,0.155688695782023,0.0526125204079805,-0.986404051442416,0.230058410439378,0.969189433391907,0.0880055111205012,-0.960642575462799,0.240632011373786,-0.138787886036235
441092.7,4389573.3,0,0.156744138559183,0.0393721120482433,-0.376482628625765,-0.187408690488685,-0.106987556072417,0.976438244629412,0.315043443447323,0.934990412635814,0.162912728231911,0.930390031906066,-0.338151727963591,0.141519600780486
441092.7,4390573.3,0,0.136562807582584,0.0450616968612653,-0.311126322459508,-0.253852367863046,-0.18299339682736,0.949774916518598,0.397596062722735,0.87540260424705,0.274932085040764,0.881746191507343,-0.44741892806973,0.149465569838773
442092.7,4373573.3,0,0.126841662176483,0.0454269114333229,-0.224912075373016,-0.496347616677394,0.278693532119479,0.822173314194423,-0.552455441717356,0.629145189385191,-0.546780866152386,0.669650676349656,0.72560750122104,0.15830895690455
442092.7,4374573.3,0,0.151881897680578,0.0575499547795087,-0.329186389485924,0.358995231921624,-0.25611546924098,-0.897511721301183,0.519479475059688,-0.744072294384204,0.42011605030222,0.775411825064108,0.617058576753697,0.134071676372942
442092.7,4375573.3,0,0.181016976811588,0.0615102712974246,-0.446307994953136,0.228612547247795,-0.174616239282868,-0.957729331397751,0.451031840861108,-0.852830933075778,0.263153335754152,0.862732045174117,0.492126577790516,0.116210368134171
442092.7,4376573.3,0,0.213932732468787,0.0512943528088903,-0.555004739545266,0.146759097209383,-0.0845092222150293,-0.985555659892884,0.350711718771124,-0.927172668866524,0.131727493043522,0.924912459480837,0.364978127382366,0.106432649265021
442092.7,4377573.3,0,0.246435799051554,0.0285604810928824,-0.636119477730458,-0.113834650140601,0.023487173814433,0.993222042190757,0.246882657837684,-0.967692955824653,0.0511790631640329,-0.962336025349965,-0.251035248348828,-0.10435841317342
442092.7,4378573.3,0,0.274021377223484,0.00021514041471145,-0.683575201747788,0.108012796549918,0.00791366752777843,-0.994118005896546,0.160554739074331,-0.986980370248232,0.00958772681275081,0.981099083447865,0.160645954231416,0.107877086755428
442092.7,4379573.3,0,0.294735879543174,-0.0269011948370559,-0.7037412833352,0.112890058803401,0.0198603195975783,-0.993408980394705,0.098517315329118,-0.995097317816032,-0.00869865826905316,0.988711370018424,0.0968859937288186,0.11429318009169
442092.7,4380573.3,0,0.308781816815184,-0.0483461297508398,-0.707868534516657,0.120126486347084,0.0206315401510901,-0.99254418885453,0.0591930123571817,-0.998154126285669,-0.0135840887429218,0.990992338298328,0.0571198715850013,0.121125991034652
442092.7,4381573.3,0,0.317200649566342,-0.0620383407997825,-0.705852026491991,0.1259933823179,0.0156903365473892,-0.991906992087023,0.0367209587114503,-0.999263438273868,-0.0111423570396982,0.991351218692652,0.0350199124516011,0.126476744615264
442092.7,4382573.3,0,0.320997015228999,-0.0676851135750865,-0.703509608940031,0.129130878395923,0.0085739484796683,-0.99159049191295,0.0234649733381437,-0.999709040094586,-0.00558839685427797,0.991349893463926,0.0225460098604759,0.129294493960237
442092.7,4383573.3,0,0.320749190428615,-0.0659173981825104,-0.702662433855476,0.129354112239169,0.00155260363322828,-0.991597248417307,0.0119938040687397,-0.999928071744589,-1.05292695889435e-06,0.991525926191936,0.0118928869121865,0.129363429647319
442092.7,4384573.3,0,0.316533025608171,-0.0576410973385921,-0.702078816000336,0.127111494114149,-0.00371374096020407,-0.991881482936419,0.00398941555094687,0.99998681657646,-0.00323283727363081,-0.991880412462929,0.00354609663664332,-0.127124634005424
442092.7,4385573.3,0,0.307987524238189,-0.0437075961342537,-0.698347662591018,0.123296661877848,-0.00601737504270119,-0.992351613273932,0.0291826982622081,0.999571127773942,-0.0024352911256726,-0.991940675288556,0.0286592344336921,-0.123419386604204
442092.7,4386573.3,0,0.294335691178704,-0.0242475956545824,-0.687070149852159,0.118976092175543,-0.00410702925357619,-0.992888625074004,0.0673833232296536,0.997719352161524,0.00394741344648508,-0.990607983634881,0.067373782980472,-0.1189814948878
442092.7,4387573.3,0,0.274571906150627,0.000790351976047659,-0.662629149927924,0.116140387135037,0.00603503450669153,-0.993214472727128,0.123693406141336,0.992108869262627,0.02049226213933,-0.985500558981718,0.125234060418624,-0.114477414181952
442092.7,4388573.3,0,0.248301184477203,0.0287748410377722,-0.616524129337573,0.12128854640333,0.034338359892925,-0.992023167850042,0.20319805928777,0.977378007698454,0.0586751972223795,-0.971596437422993,0.208693811856665,-0.111567269750961
442092.7,4389573.3,0,0.217167543430724,0.0527401783046915,-0.540481665230868,-0.150938162603568,-0.095453378374981,0.983923941992805,0.30326427950216,0.942862139227301,0.137991895377063,0.940876425386402,-0.319217228495771,0.113366278864503
442092.7,4390573.3,0,0.18555868211159,0.0642256642463248,-0.436053017273307,-0.230579950642258,-0.193150991718496,0.953690505751198,0.403995055245931,0.872632078618705,0.274410733577306,0.885223633721249,-0.448559861962436,0.123179416046632
443092.7,4373573.3,0,0.170013763485153,0.0584763855628525,-0.273172134170312,-0.551954049548433,0.291952940629157,0.781095517619372,-0.565120272864335,0.557827570704026,-0.607838365488873,0.613176813313115,0.776911759352652,0.142906661127958
443092.7,4374573.3,0,0.208548568661032,0.0825621123266053,-0.446341603843861,-0.385946364418244,0.300051526148669,0.872361441977002,-0.539630280114372,0.693539597599141,-0.477286064478848,0.748227615486106,0.65495947066813,0.10575219716913
443092.7,4375573.3,0,0.253655828934549,0.0930560452458476,-0.655404582054466,-0.204564000225692,0.200728934064768,0.958050867564393,-0.467778336536086,0.839708154081847,-0.275814509835851,0.859847078077954,0.504577160598536,0.0778774121496357
443092.7,4376573.3,0,0.308051736616846,0.0716858414329987,-0.8480236752048,-0.0966510750733031,0.0784214182676912,0.992224093057641,0.341958106674829,-0.933592457835613,0.107097039883579,-0.934731631521337,-0.349650116301056,-0.0634158750165653
443092.7,4377573.3,0,0.361678272551686,0.0245546316205139,-0.977120956688029,-0.0647670693144154,0.00806529342886051,0.997867815782395,0.215989961305307,-0.976149756013387,0.0219086843588557,-0.974245124877591,-0.216948392197109,-0.0614803364933531
443092.7,4378573.3,0,0.404170358397611,-0.0287945575110228,-1.0362354478434,0.0655234015005524,0.0205484541567039,-0.997639436313324,0.122009207538059,-0.992451153817919,-0.0124282163408994,0.990363790297147,0.120906858024064,0.0675358760290895
443092.7,4379573.3,0,0.433300071753016,-0.0744428967705172,-1.04802570092111,0.0753096078522462,0.027700105356253,-0.996775384491608,0.0635975778444875,-0.997712368065472,-0.02292114092934,0.995130047309122,0.061666317973759,0.0768989867950414
443092.7,4380573.3,0,0.451410488386769,-0.106898208516544,-1.03887858098365,0.0852928038882855,0.0243406383953059,-0.996058568020668,0.0342523807066005,-0.999182273239657,-0.0214839302633931,0.99576699685258,0.0322849526272105,0.086056782493039
443092.7,4381573.3,0,0.461478670783979,-0.125187878495149,-1.02739623559797,0.0922104685170971,0.0164167109304535,-0.995604199015896,0.0239111240804896,-0.999612262996868,-0.0142682098206949,0.995452403503585,0.0224903372252588,0.0925672571184285
443092.7,4382573.3,0,0.465736243432273,-0.131326478543231,-1.02159748607169,0.0953422019203169,0.00744380036745969,-0.995416723974977,0.0220729408422939,-0.999741983981335,-0.00536197236434828,0.995199803966801,0.021460552209877,0.0954819086701195
443092.7,4383573.3,0,0.465240815676051,-0.127651942730384,-1.02258168661221,0.0949110842566067,-0.000902314456323802,-0.9954853449016,0.0207357315452264,-0.999780834326726,0.00288318404532973,0.995269770224394,0.0209157629929404,0.0948715728545887
443092.7,4384573.3,0,0.459971190441245,-0.115558038886463,-1.02755933549918,0.0914942375240159,-0.007125434637625,-0.995780112615794,-0.0134752512761893,0.999873980799298,-0.00839286146722973,-0.995714427987735,-0.0141862856939189,-0.0913866904711403
443092.7,4385573.3,0,0.449285239398431,-0.0967048416755443,-1.02976485689173,0.0864012525097902,-0.0102548172292408,-0.996207640147542,0.00402389616165623,0.999942458224082,-0.00994426972979454,-0.996252293259303,0.00314943873945281,-0.0864375451479665
443092.7,4386573.3,0,0.431693564973571,-0.0700297737767052,-1.02281920513479,0.0804974970363457,-0.0114080094774247,-0.996689525524698,0.0334136380097206,0.999403388918742,-0.00874042405663713,-0.99619460034967,0.0325994407543668,-0.0808306544366904
443092.7,4387573.3,0,0.404367494812302,-0.0300988733161709,-1.00152731038998,0.073607964168404,-0.00826765760530886,-0.997252983675007,0.0818799677971103,0.996639727844326,-0.00221895379223703,-0.993920287791997,0.0814917095176511,-0.0740375769144533
443092.7,4388573.3,0,0.364614313684204,0.0226286090449771,-0.948764766302935,0.0707140633774104,0.0131384786489684,-0.997410097010977,0.163728380957717,0.986198721534612,0.0245987583520294,-0.983967752779338,0.165043818491598,-0.0675869770598765
443092.7,4389573.3,0,0.313797505872631,0.0735036484189833,-0.835836235452615,-0.0946117390659432,-0.0807602432876309,0.99223303811909,-0.283977047199966,-0.953102692958375,-0.104653205106593,-0.954151798978814,0.29167283003327,-0.0672406478692532
443092.7,4390573.3,0,0.261775235568217,0.0988677454524955,-0.654586471233812,0.195365511843733,0.215712654730382,-0.956713315142633,-0.413486947186368,-0.86645360169687,-0.279797606517677,0.889303582185822,-0.450251270620854,0.080080784310422
444092.7,4373573.3,0,0.237523044927434,0.0730507113084587,-0.320061275440597,0.629546519064369,-0.284123908538793,-0.723149213461908,-0.575335711838293,0.455042313750586,-0.679650874626112,0.522168554221203,0.843925409792331,0.123003673479233
444092.7,4374573.3,0,0.301688786268376,0.122785714899356,-0.625635224418487,-0.44337113184854,0.366565395834986,0.817955897356138,-0.558489819080191,0.600783947341402,-0.571968330067896,-0.701078570081214,-0.710414287013727,-0.0616472171282509
444092.7,4375573.3,0,0.369352456806106,0.155282285651389,-1.04539663744449,-0.172275932936874,0.255946615576425,0.951216238773132,-0.494189526137603,0.812879289839429,-0.30822714417461,-0.852113675037915,-0.523181221112836,-0.0135534013539148
444092.7,4376573.3,0,0.463219139835194,0.102699086183097,-1.42871841778923,-0.0138089265690847,0.0695987054401058,0.997479490389688,-0.325845956418357,0.942805944439955,-0.0702948349062078,-0.945322022504932,-0.325995354767129,0.00965931868394294
444092.7,4377573.3,0,0.555845934916555,-0.0075859307559231,-1.64068725004959,-0.01247248192393,0.00880250687947708,-0.999883469743997,-0.170396104204556,0.98531646313005,0.0107997757753996,-0.985296709050917,-0.170510947911052,0.0107894288962435
444092.7,4378573.3,0,0.620525959337554,-0.11149737862596,-1.69834747017493,0.00328939544369336,-0.0297781616411828,0.999551119736698,-0.0744872236536444,0.996772401069606,0.0299405073154275,-0.997216542878219,-0.0745522739774234,0.00106068600831649
444092.7,4379573.3,0,0.658867426382649,-0.184556908990656,-1.67961282304039,-0.0106419400865256,-0.0315165270426326,0.999446575677943,-0.0265555992629152,0.99915955543792,0.0312247165701455,-0.999590690862506,-0.0262086111854382,-0.0114699363881529
444092.7,4380573.3,0,0.679991912724213,-0.228995926151122,-1.64018176591765,0.0225391734734569,0.0247034276632774,-0.999440706755943,0.011712297328454,-0.99963258807225,-0.0244440372129095,0.999677351824289,0.0111547983245526,0.0228202262021054
444092.7,4381573.3,0,0.690348501831018,-0.248298088064857,-1.61290157824364,0.0295702795495104,0.0148250182412414,-0.99945275896438,0.0147946282717185,-0.999786968297058,-0.0143922547809447,0.999453209280787,0.0143609490468011,0.0297833107765022
444092.7,4382573.3,0,0.694284071465962,-0.251938268137791,-1.60345072617061,0.0320966077798925,0.00562614558063559,-0.999468936113038,0.0223119631926601,-0.999738994405217,-0.00491114692654403,0.999235699956478,0.0221424829581104,0.0322137607388001
444092.7,4383573.3,0,0.693422786789671,-0.245726687541454,-1.6089435357551,0.0308135277108233,-0.00295117311766194,-0.999520793724295,-0.0289099169429532,0.999574635189538,-0.00384257570570044,-0.999106972857444,-0.0290144664423128,-0.0307151025507331
444092.7,4384573.3,0,0.686922343269814,-0.228729920839767,-1.62649997262558,0.0257405315403183,-0.00941445187437758,-0.999624326000486,-0.0289909126671868,0.999528038636959,-0.0101600669917331,-0.999248193402793,-0.0292415470599284,-0.0254554494518676
444092.7,4385573.3,0,0.673953566555792,-0.205697987274387,-1.64003712282308,0.0192548105112013,-0.0105303880347121,-0.999759152596272,-0.016457765810747,0.999805714217707,-0.010847845967696,-0.999679145634586,-0.0166626752191436,-0.0190777629151066
444092.7,4386573.3,0,0.653234697267177,-0.177828045683222,-1.63623455527724,0.0137142823435063,-0.0124221680660826,-0.999828789443643,0.0020091244905076,0.999921151202828,-0.012395757177029,-0.999903936325177,0.00183878159339828,-0.0137381586709262
444092.7,4387573.3,0,0.618188603410105,-0.119559208536507,-1.62895945122365,-0.00462184986136693,0.0186014610447632,0.999816295201703,0.0318473663579801,0.999322533141215,-0.0184450538704947,-0.999482057747872,0.0317562655742927,-0.00521112625594584
444092.7,4388573.3,0,0.559516195701757,-0.016588445717552,-1.59342169475003,-0.00824948446566371,-0.0109069943214027,-0.999906487368156,-0.106243677726492,-0.994271026555896,0.0117220601702572,0.994305902099148,-0.10633044355385,-0.00704342419858459
444092.7,4389573.3,0,0.473646078862106,0.103491632667036,-1.43372550126095,-0.00264421591499535,-0.0587624140688475,0.998268494351593,0.251730742320606,0.966085598242596,0.0575347741714771,-0.967793697795616,0.25144700348393,0.0122377671999809
444092.7,4390573.3,0,0.384350725127329,0.16871821932498,-1.08287499464211,-0.143002810062874,-0.26745702779458,0.952899225835246,0.431746975592203,0.849498420535987,0.303227608528391,-0.890586742199269,0.454773758906725,-0.0060068984294294
445092.7,4373573.3,0,0.347878679233552,0.0818734088388038,-0.326694094719852,0.725626810402418,-0.211147375134055,-0.65489122608202,-0.585360832140217,0.310858625053264,-0.748812133599681,0.361688302577408,0.926705833155265,0.101969949370788
445092.7,4374573.3,0,0.479067931824805,0.177364163695761,-0.882503602080062,-0.560870164082222,0.431760853633916,0.70640443395529,-0.565452940942855,0.42345512978203,-0.707777312888991,-0.604721118054808,-0.796409642288814,0.00663709634898999
445092.7,4375573.3,0,0.551444857478618,0.293648338058838,-1.86274390676527,-0.163503754107473,0.407551597202477,0.898425410376662,0.539477854117566,-0.725521410344004,0.427296534094479,-0.825972255774653,-0.554545199916254,0.101239586824386
445092.7,4376573.3,0,0.70038719015513,0.130309483120983,-2.74332130674173,0.133409232415315,0.0502929391746166,0.989784116348376,0.291953812368605,-0.956387739218839,0.00924465874520167,-0.947082334409102,-0.287737923362661,0.142274169507855
445092.7,4377573.3,0,0.858209803499354,-0.166731396389647,-3.06591693851214,-0.1444552570116,0.0242058050354723,-0.989215223156365,0.104582276473468,-0.993727984023338,-0.0395883974990189,0.983969118503899,0.1091731320953,-0.141017733137228
445092.7,4378573.3,0,0.945852031754558,-0.366950943323746,-3.05384549418073,0.128254261066051,-0.0303088897293668,0.991278071845521,-0.0257050930789015,0.999095501018407,0.0338737071278369,0.991408136293124,0.0298253423811122,-0.12735916238592
445092.7,4379573.3,0,0.987570414993117,-0.461782795947189,-2.96078448201941,-0.1133954987201,0.030243485442966,-0.993089518854308,0.00380990102388658,0.99954248850036,0.0300049718662677,-0.993542623909115,0.000381144025836209,0.113458843661583
445092.7,4380573.3,0,1.0086732072615,-0.511410117566415,-2.85781905777486,-0.100221173460955,0.0218586951872142,-0.994725044338797,0.00178882029655079,0.999760988410514,0.0217891297297228,-0.994963575470005,-0.000404347801405089,0.100236320716593
445092.7,4381573.3,0,1.01569689545483,-0.517241368455153,-2.81181239965082,-0.0944455614400094,0.0108166768389605,-0.99547126298374,-0.0130521114223954,0.999841573558617,0.012102486159667,-0.995444462695784,-0.0141360279424261,0.0942894182944839
445092.7,4382573.3,0,1.01744417506906,-0.51283457686662,-2.80114700507322,-0.0930512397762126,0.00380750491905192,-0.99565404116209,-0.0236886911396313,0.999701156432085,0.00603686511722497,-0.99537948174965,-0.0241474788465338,0.0929332372036789
445092.7,4383573.3,0,1.01603718234579,-0.507116489288828,-2.81358874285594,-0.0950802821059569,-0.00404998094604149,-0.995461369219815,0.0337973514261251,-0.999428355001008,0.000838007493260455,0.994895712620791,0.0335642797377878,-0.0951628085674908
445092.7,4384573.3,0,1.00716200633029,-0.485917820041477,-2.85953868661676,-0.102624676295787,-0.0130872832150759,-0.994634052721519,0.0417779882912993,-0.999087852551767,0.00883530292810479,0.993842429920114,0.0406470897057553,-0.103077827824103
445092.7,4385573.3,0,0.988957569485404,-0.454918669731927,-2.90285532080052,-0.11311794259811,-0.00780476037879668,-0.993550913027511,0.0260957353570453,-0.999647529193587,0.00488159536752809,0.993238815018093,0.0253752456655453,-0.113281742787033
445092.7,4386573.3,0,0.969502202636957,-0.454282524231456,-2.87196721091982,-0.115574929376096,-0.00479918772490662,-0.993287170709907,0.0152971795031508,-0.999878336097168,0.0030511150104772,0.993180966389791,0.0148418597466725,-0.115634282115216
445092.7,4387573.3,0,0.933136275505542,-0.38866201429417,-2.89143756501876,-0.122614326063686,-0.0208875746355109,-0.992234567161311,0.0190091239792195,-0.999644520699198,0.0186945297243361,0.992272331696037,0.0165692927404096,-0.12296779370466
445092.7,4388573.3,0,0.857038908458255,-0.193768037212032,-2.96696313667607,-0.143919356278086,-0.0334328933893764,-0.989024499457984,-0.0263917382521078,-0.998943975464321,0.0376086430966533,0.989237431075338,-0.0315146874195795,-0.142885021735354
445092.7,4389573.3,0,0.717072302364724,0.117794427326414,-2.81781332628916,-0.156519084333827,0.0211344766891882,-0.987448788613553,0.192172592905997,0.981315568340584,-0.00945779404417027,-0.968798983677773,0.191240919333363,0.15765608138427
445092.7,4390573.3,0,0.576007521998019,0.32606796794649,-2.04819801356698,-0.0929032580327731,-0.422936498194331,0.901384325990869,0.474258545768428,0.777208431455619,0.413552760648399,0.875470054549276,-0.465909618455568,-0.128376053133266
446092.7,4373573.3,0,0.518760936987035,0.071195206012668,-0.186211184656655,-0.802643317649797,-0.00864184224455757,0.59639669951698,0.594122125140881,-0.100013535188469,0.798132942057392,-0.0527504033179836,-0.994948547082574,-0.0854095053730264
446092.7,4374573.3,0,0.895822175870064,0.198062844062398,-1.06289071404712,-0.732901089603415,0.354260144897092,0.580823331655692,-0.570435826809966,0.145263964207622,-0.808394302425689,-0.370754582371892,-0.923795502500515,0.0956185610123136
446092.7,4375573.3,0,0.97170738354347,0.444884583706487,-3.69493971214752,0.447520727624955,-0.763339943098871,-0.465872653861377,0.519253915821309,-0.202332034176876,0.830323502527831,0.728080056896402,0.613493177806941,-0.305819475400232
446092.7,4376573.3,0,0.751062920534584,-0.0462663776581698,-5.93064761802255,-0.394183486501259,-0.0140845044050417,-0.91892383019779,0.208772653970018,-0.975114021433654,-0.0746098127447245,0.89500466921912,0.221256122941608,-0.387314304069474
446092.7,4377573.3,0,0.936731903675387,-0.861119140230027,-6.1380761218621,0.388063533693167,-0.0287357842451646,0.921184535541814,0.0241376766292292,-0.998854068620687,-0.0413270149761893,0.921316485462251,0.0382727619034055,-0.386925224444944
446092.7,4378573.3,0,1.0208668901569,-1.18049581679458,-5.83131978221563,0.376330484121516,-0.0125596093091397,0.926400357801565,0.001259579694012,-0.999900250866867,-0.0140677565863236,0.92648463569552,0.00646100072584651,-0.376277125653103
446092.7,4379573.3,0,1.05185407292658,-1.20506709222329,-5.66244729440786,0.364282126561335,-0.0275612672896947,0.930880716748036,-0.0180713757524338,-0.999582971647548,-0.0225235026288496,0.931113289372655,-0.0086173857778016,-0.364628280603673
446092.7,4380573.3,0,1.08220756248895,-1.24146084092253,-5.43991344124076,0.350502078751968,-0.0220713267713007,0.936301847336159,-0.00301203562262962,-0.999743670200891,-0.0224392855202746,0.936557110074958,0.00504484170285464,-0.350478714247008
446092.7,4381573.3,0,1.07948704932401,-1.19792828284139,-5.40071189723833,0.347916449273115,-0.00159910540453034,0.937524179521304,-0.0196618783916597,0.9997661615618,0.00900181837720192,-0.937319345187807,-0.0215653670937859,0.347803651617993
446092.7,4382573.3,0,1.07569249194091,-1.18756058911472,-5.38633256320362,0.345325238277548,-0.00455827596090355,0.938472003806623,-0.0237041922558638,0.999626809907862,0.0135776353953295,-0.938183665962082,-0.0269344209831156,0.345088316070325
446092.7,4383573.3,0,1.06628003243394,-1.18511082515923,-5.40421708432379,0.351497351081437,0.000856856059634582,0.936188484216948,-0.0305748439026989,0.999476645858098,0.0105647198056845,-0.935689473651948,-0.0323372877950537,0.351339591727151
446092.7,4384573.3,0,1.05043678453006,-1.18534736392814,-5.48054770251971,0.357424101932975,0.0273537223778692,0.933541528390398,-0.0557712671472527,0.998412306324291,-0.00790141386081667,-0.932275483490902,-0.0492406382197123,0.358382173704998
446092.7,4385573.3,0,1.00615113784187,-1.10419255637815,-5.63978394309497,0.380981215146417,0.00592923982692082,0.924563766227421,-0.0243043717084447,0.999698109048219,0.00360392581399055,-0.924263280251583,-0.0238439694784625,0.381010306813468
446092.7,4386573.3,0,1.01742409009626,-1.21206963211805,-5.43636472520485,0.383544655589069,-0.00614900311700193,0.923501860815521,-0.011545033961977,0.999867769694074,0.0114523062225446,-0.923450166148601,-0.0150543311928904,0.383422948912106
446092.7,4387573.3,0,1.00022368443809,-1.16656729340199,-5.5008024631345,0.380193004309413,0.0140013750067284,0.924801189971176,-0.0492742700924806,0.998772081282691,0.00513575282647744,-0.923593701678955,-0.0475214809129764,0.380416065736979
446092.7,4388573.3,0,0.921411021623953,-0.917186557810227,-5.86262001203734,0.403747999119568,0.0315980156648566,0.914324405565656,-0.05483879041743,0.998442205521332,-0.0102892807936395,-0.913225196910652,-0.0459861679175444,0.404851839674418
446092.7,4389573.3,0,0.750271754660041,-0.15839686938484,-6.16086017852057,0.432467248454539,0.0338714468983695,0.901013209725125,0.0758986207222242,0.994379869437178,-0.0738110739019827,0.898449485717825,-0.100306531906506,-0.427465929952628
446092.7,4390573.3,0,0.98718362211956,0.478988832068626,-4.46981252225619,-0.320955670677741,-0.847877085216678,0.422009366986412,0.51810426798094,0.215814714660075,0.827642420635944,0.792814874330531,-0.484281382360154,-0.37002178008815
447092.7,4373573.3,0,0.688538929866473,0.203302331836111,0.0378684230198234,-0.709125858430164,-0.465554742000013,0.529527429985439,0.279478530621199,-0.875091799306885,-0.395102636928248,0.647327017686963,-0.132185948523815,0.750662778606586
447092.7,4374573.3,0,1.76567834641249,0.199518192558536,-0.243276060746041,-0.811569272888746,-0.122230240968706,0.571327474829947,0.499702537239138,0.361485945618496,0.787162807427453,0.302741952130191,-0.924330936035916,0.23229212450569
447092.7,4375573.3,0,3.43299354426567,-0.336195718671326,-6.62478275976986,-0.644005401974553,0.657916990579186,0.390387340643651,-0.625923469541733,-0.159740573743765,-0.76334969665079,-0.439860037403302,-0.735953926959589,0.514679477819278
447092.7,4376573.3,0,-1.24621848683167,-2.04579870521161,-11.1083808389437,0.528698341495115,0.654645231590145,0.540294072201982,0.497939689332035,-0.754701694684343,0.427178437925531,-0.687411179344816,-0.0431853308064926,0.72498337754386
447092.7,4377573.3,0,-1.42482148001913,-2.80742551350569,-9.98543597258767,-0.748981035443983,0.171215040715236,-0.64008813328958,-0.0903825624014157,-0.983407793705977,-0.157289871549624,0.656398050697146,0.0599543252086373,-0.752028641695091
447092.7,4378573.3,0,-1.15456281241696,-3.23677905392235,-8.41092203301531,-0.809091437214835,-0.077243619269387,-0.582584302490033,0.0529641817683414,-0.996874538403341,0.0586169781951911,0.585291245172215,-0.0165703942406736,-0.810653798091064
447092.7,4379573.3,0,-1.35653359065542,-2.50221652223835,-9.67088995494542,0.733695732456597,0.062442890396338,0.676602880287934,-0.037556934392589,0.997972952102909,-0.0513757097278159,0.678439421653849,-0.0122830089944168,-0.734553659602914
447092.7,4380573.3,0,-1.07130891336073,-2.83993922790854,-8.65663277151568,-0.774169465468175,0.205805799687794,-0.598586344274231,-0.0923371071310352,-0.972269363841914,-0.214863079148353,0.626207231979472,0.111068703734702,-0.771704765870537
447092.7,4381573.3,0,-1.10526015109984,-2.78600501757448,-8.63012155203153,0.770558321197057,0.187781759516263,0.609079538670402,-0.117926167301186,0.981119178845546,-0.153292452413981,0.62636514326679,-0.0462943592073211,-0.778153930534285
447092.7,4382573.3,0,-1.28538526676112,-2.38552530206721,-9.48728327389994,-0.724569672803587,0.118935973884044,-0.678861564215825,-0.0447604190965291,-0.99103836597295,-0.125854924623422,0.687746533350481,0.0608045334322869,-0.723399968605526
447092.7,4383573.3,0,-1.14523636165758,-2.89385870539276,-8.1316319947589,-0.809376656193784,0.0878241717890276,-0.580686097007791,-0.0277666388928666,-0.993372207965032,-0.111537752385777,0.586633141045716,0.0741523518996469,-0.806450858102704
447092.7,4384573.3,0,-1.24382062919355,-2.62649579057014,-9.10365319740871,-0.730119751616597,-0.2664407506155,-0.62923324348827,0.18657595448599,-0.963590047738756,0.19152971859861,0.657354213120263,-0.0224398375722749,-0.753247563675296
447092.7,4385573.3,0,-1.34405875650448,-2.38262470349874,-9.31479345160821,0.771810235039615,-0.202926377288494,0.602602560970879,-0.0987254890400825,-0.974458650693599,-0.201701799452082,-0.628141893923571,-0.096183280714369,0.772131166065151
447092.7,4386573.3,0,-0.324378701996756,-3.04850686207684,-7.84659716451939,0.878491334600166,0.0948641077175742,0.468245422934778,-0.0693567070550609,0.995028829443938,-0.0714652066526432,0.472697178137229,-0.0303056041413966,-0.880703666472853
447092.7,4387573.3,0,-1.00327053683323,-2.24162986968375,-9.88617153312244,-0.754661877272093,-0.143059096926771,-0.640327686250296,0.118083726181894,-0.98961814911862,0.081927727577649,0.645400406416947,0.0137845464754804,-0.763720041425721
447092.7,4388573.3,0,-0.48731653332606,-2.86711029009813,-8.97033219496337,0.843137674657742,-0.268985883732279,0.46558077271887,-0.133599207040556,-0.943523585945034,-0.303174033590541,-0.520835975572799,-0.193416227649566,0.831456583010166
447092.7,4389573.3,0,-1.00799157831106,-2.30463131618946,-10.0480904139912,-0.812357611247966,-0.255877890903461,-0.524024442554253,-0.184059889914596,0.965165648846845,-0.185949528664836,-0.553350764318733,0.0546056337097581,0.831156517387086
447092.7,4390573.3,0,2.89603744035187,-0.92495123129063,-10.1941675676527,0.332381689930542,0.894927646764644,-0.297702736391879,-0.723826904464005,0.0396875439396399,-0.688839249193958,-0.604646197848769,0.444442803870571,0.660964121200759
448092.7,4373573.3,0,0.665934221021425,0.477932158786702,0.0279210609835477,-0.0930739705257454,0.989275061030139,-0.112570376362463,0.776832440181018,0.00143202676773548,-0.629705732212866,0.622790972873707,0.146057532921621,0.768634244087441
448092.7,4374573.3,0,1.76861657861169,1.36960038496838,0.198130829065101,-0.295357487565195,0.954870959973876,-0.0313911506279269,0.711845082627233,0.198033233560747,-0.673839310774389,0.637213098483235,0.221369122065487,0.738210795719862
448092.7,4375573.3,0,16.319333553746,2.43185785221376,-4.37540572094152,-0.698385953844594,-0.374515802189631,0.6099139065334,0.703675776843892,-0.203609407770563,0.680722858548517,0.13075725813782,-0.904588924859009,-0.40573564850368
448092.7,4376573.3,0,1.16797057119335,-3.61165448443956,-7.42230213669968,0.0615348272113242,-0.230872521274447,0.971036221755117,0.144793467450223,0.964653264616071,0.220179315216707,-0.987546615013091,0.127051005450319,0.0927886048512921
448092.7,4377573.3,0,3.42380846601364,-0.660915132589631,-7.10453842670487,-0.0305087264027223,-0.136083211725712,-0.990227538043504,0.354174850259777,-0.927881392943713,0.116603156356508,0.934681439345379,0.347156276214691,-0.0765057306873201
448092.7,4378573.3,0,0.17312307650584,-3.35776669299113,-12.697726717166,0.630536321468837,-0.0858456390842558,0.771397740182562,0.0626479822758015,0.996250900268564,0.0596604896966636,0.773627285988103,-0.0107084062441867,-0.633550433991163
448092.7,4379573.3,0,9.76477694445319,0.737791350825745,-2.16307663577158,-0.627135084202639,-0.148356403355699,0.764651530924715,0.075088551929131,-0.988636479567832,-0.130229108255063,0.775282719742505,-0.0242546665836438,0.631148489356967
448092.7,4380573.3,0,0.957858619511435,-2.0454178065883,-10.7515485200742,0.471384536637664,0.0823853786472416,0.878071334234324,-0.158405383972224,0.987344915091062,-0.0075995376461829,-0.867585357730009,-0.135508922322384,0.478469412840067
448092.7,4381573.3,0,1.29681356668121,-1.92496684494923,-10.0252264057312,0.403800212779277,-0.23764819826173,0.883441408369771,0.179487396971628,0.967482958834186,0.178216157218692,-0.897067256390378,0.0866028765596268,0.433324681138564
448092.7,4382573.3,0,7.49456923080128,0.602721628286157,-2.23646928337317,-0.65718142496721,0.164565668372951,0.735547901547568,-0.150143804104537,0.927733992663097,-0.341711101584961,-0.738626707320474,-0.335004148706181,-0.584981031814333
448092.7,4383573.3,0,0.328761654638148,-2.92507781006424,-12.1554257700328,-0.599882178344866,0.0702289282509739,-0.797000169222654,0.0221535573593687,-0.994300292734413,-0.104288771037856,0.799781590186061,0.0802173641113985,-0.594907204944162
448092.7,4384573.3,0,3.37577183421557,-0.530110290733579,-4.57724831869117,-0.209764155635587,-0.332987936171061,0.919303014992895,0.234295143551649,0.895709380516103,0.377902753844915,-0.949265392142051,0.294658683937866,-0.109870265592669
448092.7,4385573.3,0,2.12845141635737,-0.662828107236118,-5.77519165628495,-0.0602688249589447,0.21085364642165,0.975657936230092,-0.363021448565358,0.905872824023138,-0.218196825315711,-0.929829606228785,-0.367335223586086,0.02194850549316
448092.7,4386573.3,0,0.478677777274249,-1.11968903977335,-3.2426131771839,-0.856524084782241,-0.192523436181456,0.478854068280545,0.192018648921078,-0.980086915383688,-0.0505813874879986,-0.479056709226025,-0.048624734596418,-0.87643613830727
448092.7,4387573.3,0,7.3924309547933,0.865610933738243,-1.21743250159489,-0.791400642358839,-0.0717590533326298,0.607071380925523,0.172952111181701,-0.978794431640385,0.109768063787093,0.586321234914624,0.191864793160651,0.787029421707735
448092.7,4388573.3,0,0.119175250731692,-1.04809082444584,-2.49819087864901,-0.936483657253507,0.0317770228346118,0.349268636606358,0.0274327081707782,0.999472567353611,-0.0173791147645084,0.349636677451769,0.0066938723732675,0.93686145499382
448092.7,4389573.3,0,-0.54818398546912,-1.81771431562362,-2.44565122616407,-0.967503198367077,-0.209027932994429,0.142284519107146,0.241604187575145,-0.930206280597747,0.276303622999519,-0.0745987781108362,-0.301701174615848,-0.950479575551094
448092.7,4390573.3,0,2.43704381955142,-5.13882279105597,-11.5291484369393,-0.0495164588457179,-0.913619734905516,-0.403543182688737,0.614518411441727,-0.346378107255346,0.70879427820302,-0.787346964369913,-0.212887732867301,0.578587565448916
449092.7,4373573.3,0,0.566878088128086,0.216659696990541,0.03204518217319,0.782849395430848,-0.457321089149754,-0.421905493555652,0.221819642352483,0.838648592724566,-0.497458123049289,-0.581328539072504,-0.295847865194238,-0.757978344228805
449092.7,4374573.3,0,1.18455912248704,0.12507300808764,0.0324484094664942,-0.844461400594936,0.0838499103959795,0.529012415196303,-0.503871690287269,0.210604272692619,-0.837710666071922,0.18165423923567,0.973968702192324,0.135597583007629
449092.7,4375573.3,0,1.75172186612646,0.139759896726903,-1.80003971082316,0.603955888602117,0.573276386578051,-0.553707024711481,0.406231383682572,0.376296526148309,0.832692612744978,-0.685721042067523,0.727842777666117,0.00561635692435513
449092.7,4376573.3,0,0.459051778644411,0.0988705592392716,-3.59824389550406,0.0290172477627999,-0.214391984785262,0.976316586047839,-0.0711413965928371,-0.974693942294715,-0.211921260247311,0.9970440817853,-0.0633071537333929,-0.0435350808323998
449092.7,4377573.3,0,0.778932193827627,-0.516607619420314,-3.22999707510925,0.0510906502446896,0.022003306936325,-0.9984516012013,0.0389356170124529,-0.999041069475094,-0.0200239663883113,0.997934748961791,0.0378522916865875,0.0518983701925128
449092.7,4378573.3,0,0.948775613127415,-0.67848973523503,-2.76337445899488,0.134778594742803,-0.0106680990739225,-0.990818309308677,0.132375848070237,-0.990784743443817,0.0286745009835419,0.981993566805222,0.135025122925768,0.132124376751758
449092.7,4379573.3,0,0.874819378371116,-0.439743253417706,-3.00278283957797,0.0810233958104633,0.00787475105459572,-0.996681091235892,0.0838152194869651,-0.996480750598538,-0.00105956072359859,0.993181865679037,0.083451195212551,0.081398278261299
449092.7,4380573.3,0,1.0476027328403,-0.612311344960006,-2.72914149024481,0.142878450279659,0.0434889753965048,-0.988784333140774,0.0106694410053279,-0.999043808568223,-0.0423984857056728,0.989682732735252,0.00449194617760716,0.143205834187091
449092.7,4381573.3,0,1.05478842446839,-0.545139878413506,-2.78465645738178,0.141258394375387,-0.015598346719675,-0.989849866190879,0.127056103695869,-0.991321068308303,0.0337533115665642,0.981785522673925,0.130534405838836,0.138050557261425
449092.7,4382573.3,0,0.938014021405984,-0.435174798669116,-2.95489548446976,0.0915483418995701,0.0810950174593141,-0.992493072640164,0.0260427713304102,-0.996532568303921,-0.0790228724548974,0.995460031923368,0.0186128571923971,0.0933428432728725
449092.7,4383573.3,0,1.04491256738633,-0.651792236201539,-2.6371066166414,0.161402626119846,0.0222412439512779,-0.986637987992109,0.0459444398040657,-0.998831369414187,-0.0150001308417762,0.98581859423157,0.0429094691377042,0.162235867568219
449092.7,4384573.3,0,1.02604710002901,-0.487474284560143,-2.94542851216971,0.106562410635121,-0.0107606099525806,-0.994247786979222,0.10624102169997,-0.994093763904968,0.0221457416538572,0.988613826500408,0.107989804327544,0.104789809683578
449092.7,4385573.3,0,0.922645176488582,-0.59901235383394,-2.76738379293773,-0.0992984709711804,-0.151913355745452,0.983393179765317,-0.0221506242597986,0.988370120581544,0.150445520327212,-0.994811119513492,-0.0068437626916743,-0.101508617390511
449092.7,4386573.3,0,0.542599191881371,-0.613703368353317,-2.49011488218509,-0.046455325843833,-0.0638760089453009,0.996875999401111,-0.0767824042217164,0.995229290998539,0.060192364469908,-0.995965042108746,-0.0737462800401833,-0.0511382545415721
449092.7,4387573.3,0,0.589932844185073,-0.690923706765615,-2.60554847633346,-0.0216407031932131,-0.0498695787656413,0.998521259202347,-0.0230486355186469,0.998514592432503,0.0493697184525317,-0.999500095230627,-0.0219461571372116,-0.0227579836733617
449092.7,4388573.3,0,0.432541732395515,-0.730363529002658,-2.74627788690251,0.00597712521072472,-0.0797422448051803,0.996797596489702,0.0313132341158186,0.996341492757254,0.0795179928032297,-0.999491748511924,0.0307376675054769,0.00845224543535601
449092.7,4389573.3,0,0.190362490330453,-0.435995385421119,-3.28136498434787,0.0879160673233264,-0.091759140552899,0.991892648037777,-0.0259389046547468,0.995199767646543,0.0943641653466987,-0.995790107568715,-0.0340247351387259,0.085113918174569
449092.7,4390573.3,0,1.15615392406891,0.012496789365001,-3.14706645746388,-0.407821655070256,0.784323194504469,0.467459756789889,-0.349659396604415,0.338784995591711,-0.873477551587996,0.843457055232804,0.51967475725133,-0.136082117318099
450092.7,4373573.3,0,0.40116291779681,0.0457553474364388,-0.0307320755058263,-0.817086835967099,0.0929835069602318,0.568966756430155,0.519274403276045,0.54742642553537,0.656260925796954,0.250445995359444,-0.831672036357448,0.495578881056763
450092.7,4374573.3,0,0.616248732593789,0.106476524250236,-0.333982475200094,-0.73980664623335,-0.182247402089773,0.647666589087697,0.461723287166428,0.562652976439821,0.685735542459072,0.489385055224606,-0.806354458371093,0.332106541922724
450092.7,4375573.3,0,0.741700233544811,0.228838597995361,-1.07797955365151,-0.501017626239142,-0.398445279952204,0.76825952456283,0.346242899897548,0.721286596926879,0.599884571700404,0.793156474138761,-0.566557149789367,0.223418449449272
450092.7,4376573.3,0,0.774576501901812,0.213037854050324,-1.81589519119122,-0.221308866565875,-0.114277063650741,0.968484970612705,0.203577563910728,0.965816632806171,0.16048179730774,0.953718281806269,-0.232677855668118,0.190479538087914
450092.7,4377573.3,0,0.979563102568528,-0.0292714946081083,-2.02995132203828,0.217134752123516,-0.0340860236931615,-0.975546330221711,0.0387030411635972,0.99890491470754,-0.026287753380841,-0.975374068767951,0.0320486249613339,-0.218216203828083
450092.7,4378573.3,0,1.10555625338882,-0.166181427946501,-2.00427475051947,0.244142952009691,-0.0164761136660204,-0.969599276331443,-0.0269225525201059,0.999355092687911,-0.0237607845943375,-0.969365460056111,-0.0319051155334176,-0.243541923399244
450092.7,4379573.3,0,1.15449174592738,-0.199433158344253,-1.97777442446886,0.253666433106085,-0.00820552644046027,-0.967256951410054,0.0445488610137668,-0.998803847119986,0.0201562387535764,0.966265356771944,0.0482031566824208,0.252997462414622
450092.7,4380573.3,0,1.20361942262408,-0.230025665485772,-1.93734763650075,0.265739903704065,-0.0122360952642065,-0.963967106052919,0.0486085021170243,-0.998477515461959,0.0260742140601194,0.962818527605952,0.0537859562488104,0.26474054054698
450092.7,4381573.3,0,1.2282905117547,-0.241756927191264,-1.9200904945515,0.269778730513883,0.0113233971309619,-0.962855761388866,0.0449610754105123,-0.998988378640386,0.000849140379081081,0.961872100780685,0.0435201105107479,0.270014928700034
450092.7,4382573.3,0,1.20915652951164,-0.228447361329856,-1.92727709863984,0.263929385966261,0.0177782991803017,-0.964378147461735,0.0390766276588689,-0.999206348638934,-0.00772593104160713,0.963750121345924,0.0356455455548834,0.26441463402734
450092.7,4383573.3,0,1.20676705157714,-0.237781502650636,-1.91756963753173,0.265000250706669,0.00602235304185477,-0.964229536152695,0.041630179409081,-0.999119551288446,0.00520099947518855,0.963349259244938,0.0415193147464216,0.26501764321497
450092.7,4384573.3,0,1.21897096638392,-0.257614135256181,-1.91636768649865,0.266538565701668,0.0228405652654695,-0.963553580021397,0.0404115525953788,-0.999104869671315,-0.0125046317776732,0.962976686846846,0.0356057295588516,0.267223001652278
450092.7,4385573.3,0,1.16077248136604,-0.261904756120633,-1.90988152169289,0.252010505996707,0.0499783657004327,-0.966433064329444,0.0340310153024792,-0.998505494581487,-0.0427629195455977,0.967125945709641,0.0221119934084346,0.253334689457917
450092.7,4386573.3,0,1.07041593705555,-0.251571189735858,-1.90963159684816,0.227719534153005,0.0430975759385434,-0.972772539041558,0.0366584293089899,-0.998691249291473,-0.0356643820811968,0.973036470706898,0.0275388368827966,0.229001395492269
450092.7,4387573.3,0,1.03266553190672,-0.26564002787142,-1.92291172221999,0.216720053195555,0.0471868324971932,-0.975092724504597,0.0292738991352754,-0.998696097899738,-0.0418227554000839,0.9757947824068,0.0194809362895976,0.217818814038061
450092.7,4388573.3,0,0.91786595393195,-0.173522247828535,-1.99772722530319,0.183933856709457,0.0693914059933368,-0.980486190178247,0.0491644927586376,-0.996905925765381,-0.0613304803964207,0.98170830138477,0.0369243544038057,0.18677634498001
450092.7,4389573.3,0,0.734567025346002,0.0592804248500848,-1.99837672428524,0.145143045364124,0.0321648580728108,-0.988887717735226,0.172143302237382,-0.985048627669802,-0.00677381876416367,0.974320368193767,0.169247224588754,0.148509922536396
450092.7,4390573.3,0,0.655046928657838,0.245405781911303,-1.54015602834189,-0.346990892512894,0.365278363393073,0.863810765011633,-0.353492680080876,0.802171729450692,-0.481210392239532,0.868700319812503,0.472326405896349,0.149223056699334
451092.7,4373573.3,0,0.274519745088783,0.0486586938081223,-0.127266104017744,-0.755359422355427,-0.0722218909740519,0.65131877105071,0.494868985697258,0.588672893779999,0.639193954229583,0.429577501801296,-0.805138635635388,0.40891924307049
451092.7,4374573.3,0,0.367891182869453,0.0910074589507562,-0.338952549433846,0.642221336685064,0.21777622737267,-0.734932152989497,0.438924432839239,0.681555820753437,0.585514308496266,0.628408383905881,-0.698609460276939,0.34212238314434
451092.7,4375573.3,0,0.450068150912982,0.142117161903341,-0.677482880499579,-0.460551379252013,-0.241788408508518,0.854067206126068,0.362081245376984,0.827318505939902,0.429466251847128,0.81042556648672,-0.507032992260155,0.293475630920853
451092.7,4376573.3,0,0.538908773526441,0.13425216550537,-1.01011647530529,-0.311151003709063,-0.0892926551138438,0.946156369018125,0.245957062789963,0.954090820388884,0.170926386826024,0.917981577241383,-0.285897758284995,0.274904157213086
451092.7,4377573.3,0,0.649459872224892,0.0525069826452853,-1.19323095179628,0.283116733359053,-0.00749157278408291,-0.959056198368646,0.114490461954474,0.993082987747069,0.02604061383312,-0.952227309739408,0.117175320714626,-0.282016125074214
451092.7,4378573.3,0,0.73463372122251,-0.0259703493462562,-1.24996114155351,0.294922915201439,-0.0215650560197037,-0.955277667721774,0.0303793006875823,0.99945149942164,-0.0131832618713635,-0.955037995149313,0.0251326214848862,-0.295416281133047
451092.7,4379573.3,0,0.785028039447532,-0.0738578583685567,-1.25456306416311,0.305986036747869,-0.0185706606538736,-0.951854860721009,-0.0119601854327508,0.999655852915623,-0.0233480126766991,-0.951960870666303,-0.0185285265041711,-0.305658624000433
451092.7,4380573.3,0,0.817355216413157,-0.10570397174392,-1.24019879391123,0.315357761048447,-0.0129169945791779,-0.948884942338929,0.0303826697115482,-0.999257319935643,0.0237002518179786,0.948486360433143,0.036303716146947,0.314731098346211
451092.7,4381573.3,0,0.834139598850515,-0.12308541780362,-1.22817552560822,0.320031783136079,-1.04215036217008e-05,-0.947406806854444,0.0332686076245149,-0.999383139047481,0.0112490503745857,0.946822505821164,0.035118958968001,0.319834021316582
451092.7,4382573.3,0,0.836095884724436,-0.126568642803001,-1.22652264674556,0.319171585231665,0.00805450930642151,-0.947662716403119,0.032940251571641,-0.999453942035636,0.00259953377076502,0.947124299660347,0.0320459455978618,0.31926261660839
451092.7,4383573.3,0,0.834893576798702,-0.131243288581413,-1.22474675702416,0.318657831309725,0.0109224537185663,-0.947806882518664,0.0343180861913629,-0.999410960780323,2.07921633113924e-05,0.947248359990739,0.0325335438727114,0.318844967057561
451092.7,4384573.3,0,0.828443742800794,-0.13679007615911,-1.22299003053861,0.316787510759822,0.022230595018619,-0.948235979949988,0.0334144668025613,-0.999366306481204,-0.0122661680413139,0.947907773169361,0.0277990308326639,0.317329588046668
451092.7,4385573.3,0,0.804338519712025,-0.131153132620596,-1.22816137799344,0.307184829100379,0.0369683537802499,-0.950931554629117,0.0337883203307457,-0.999038845268142,-0.0279237363997796,0.951049856831805,0.0235526317866121,0.308138675527962
451092.7,4386573.3,0,0.767166845721614,-0.116298396010357,-1.23516039377364,0.293035299774869,0.0427196904233027,-0.955146764186525,0.0420344952625885,-0.998610994358305,-0.0317676432040028,0.955177163825576,0.030840071284849,0.294423972714984
451092.7,4387573.3,0,0.72078515411292,-0.0886120324240348,-1.23937371947817,0.277926975580259,0.0492395349034694,-0.959339389604795,0.0612180094639913,-0.997563216521864,-0.0334661673906674,0.958649545747598,0.0494276971448551,0.28026407403176
451092.7,4388573.3,0,0.646616722656427,-0.0203551603045032,-1.23250575940184,-0.256410215930577,-0.0512422489721186,0.965208802843569,0.115155941295359,-0.993100852849846,-0.0221315443041864,-0.959683755385499,-0.105474774184104,-0.260542053534544
451092.7,4389573.3,0,0.54313051523482,0.0791713042994722,-1.14278449138583,0.250469107575884,-0.0017481444896354,-0.968123013950698,0.230820820755858,-0.971052585528366,0.061470520123614,0.940205815157369,0.238859414990322,0.242815166360647
451092.7,4390573.3,0,0.447574229879068,0.138757461700762,-0.886688998809445,0.350480952382405,-0.168180570354686,-0.921345970725598,0.370503869337395,-0.878598108838833,0.30131751683373,0.860168579304744,0.446968297421639,0.245620349883433
452092.7,4373573.3,0,0.193993460319241,0.0434113583272437,-0.146816789327711,0.690563232771859,0.14116300001984,-0.709362692118129,0.478844055926791,0.645813685679315,0.594670541975032,0.54206161240883,-0.750331720517464,0.378380123074723
452092.7,4374573.3,0,0.24424537667298,0.0674133284380744,-0.279525973111928,-0.579898835793928,-0.206011070688333,0.788211125903901,0.431717657547974,0.742780757777901,0.511758351212931,0.690895943254943,-0.637052733004682,0.341799079819019
452092.7,4375573.3,0,0.296485655090661,0.0881248806219826,-0.454834596160762,-0.44636636998782,-0.181742779792939,0.876200105990083,0.365513722268885,0.856721051435848,0.363907624074845,0.816796659259232,-0.482699287362008,0.315981985883957
452092.7,4376573.3,0,0.354642499907278,0.0843357190118762,-0.625878076115275,-0.347201720481607,-0.0866548812346365,0.93377829105887,0.269523022254404,0.944491568223166,0.187864360723895,0.898225086361689,-0.316901576382253,0.304573611983998
452092.7,4377573.3,0,0.416263491910929,0.0522071607419523,-0.744706180585874,0.312999233049107,0.014507255263325,-0.949642574685548,0.163208946322972,0.984187749433911,0.068828146163899,-0.935625095832095,0.176533320959355,-0.305682296903575
452092.7,4378573.3,0,0.468303489421822,0.0115014559222975,-0.804465304737287,0.312722968771064,-0.0124288826264412,-0.94976305870447,0.0792683001683424,0.996767812437798,0.013056212176109,-0.946530972230404,0.0793690806588064,-0.312697405879777
452092.7,4379573.3,0,0.505116910952685,-0.0231868489176906,-0.82535975353235,0.320333526506623,-0.0171504369239087,-0.947149562798374,0.0251009988711698,0.999638713982775,-0.00961152238377394,-0.946972212713499,0.0206955072463391,-0.320648287580515
452092.7,4380573.3,0,0.529071581091966,-0.0490767389872795,-0.827178980063286,0.327883708289819,-0.0128366760583431,-0.944630876896309,-0.00520291406209014,0.999867980171365,-0.0153932424556528,-0.944703764956708,-0.00996202669185172,-0.327773633016464
452092.7,4381573.3,0,0.542661863090857,-0.0655150012989756,-0.824013145437033,0.332491213054667,-0.00389767240028247,-0.943098298901708,0.0192241952310692,-0.999755678276329,0.0109093570825044,0.942910400599735,0.021757571190184,0.332335048613219
452092.7,4382573.3,0,0.547955447203018,-0.0735242839950957,-0.822424751302756,0.333621507398893,0.00472506001755946,-0.942695265506686,0.0257849370828875,-0.999659044777885,0.00411475556952338,0.942354406166025,0.0256801090651085,0.333629592779001
452092.7,4383573.3,0,0.547515604256273,-0.0770849434344431,-0.821868387168862,0.332790428493962,0.0124205935412301,-0.942919010073977,0.0304510406477809,-0.999533332234569,-0.00241906501084957,0.942509026389812,0.0279078234218125,0.333013345927133
452092.7,4384573.3,0,0.541097693790209,-0.0764407045392468,-0.822382302650095,0.32946807863268,0.0224645820396205,-0.943899426695384,0.0350154134181283,-0.999319895617095,-0.011561446578818,0.943517199623434,0.0292419010603355,0.330030612575758
452092.7,4385573.3,0,0.526446234608806,-0.0684935000459913,-0.824781272325614,0.321875795075979,0.0331842893312043,-0.946200177280574,0.0436152086351434,-0.998844296722387,-0.0201936742786634,0.945776763364336,0.0347688631787517,0.322951141867215
452092.7,4386573.3,0,0.50293212994658,-0.0521472910050178,-0.825573391511018,0.310827127798026,0.0403100705712392,-0.949611286177334,0.0623872704158845,-0.997810935745988,-0.0219354734567223,0.948416746538611,0.0524255158892786,0.312661542516598
452092.7,4387573.3,0,0.46923398578788,-0.0250550814984258,-0.817988954785273,-0.29795247443486,-0.0426366643344563,0.953628039558703,0.0985573024834347,-0.995037141352968,-0.013694723630046,-0.949479215731094,-0.0899066303591981,-0.300675933044402
452092.7,4388573.3,0,0.421970497984433,0.015412077067687,-0.788277273689706,-0.286657933767843,-0.031302595217887,0.957521475759461,0.164041657494295,-0.986309213146541,0.0168662582920749,-0.943884295671072,-0.161908256722366,-0.287868290700189
452092.7,4389573.3,0,0.36287123885306,0.0591691698145117,-0.709997018806712,0.295391873274545,-0.0177782650946428,-0.955210748732226,0.263723286563872,-0.959461989110432,0.0994118683870468,0.918255775548025,0.281276776045372,0.278728731798889
452092.7,4390573.3,0,0.303080189573906,0.0829434747772413,-0.567640004134121,0.362925976236442,-0.115670966678207,-0.924610709023292,0.373146847412806,-0.891190094429869,0.257956674377628,0.853842002971691,0.438634749031367,0.280273778480042
453092.7,4373573.3,0,0.142481360644399,0.0359602082321894,-0.138878817035183,0.637882976773045,0.169956149588828,-0.751145934662565,0.468471619980739,0.688508397444683,0.553615866753091,0.611260704786248,-0.70503268992657,0.359568153371686
453092.7,4374573.3,0,0.172874656008179,0.049285511188511,-0.223356870365367,-0.539542045205724,-0.193125613086481,0.81951014577319,0.426029395396569,0.776916075900434,0.463573473427357,0.726218517880987,-0.599252791881224,0.3369017003657
453092.7,4375573.3,0,0.205815099662926,0.0586730489202558,-0.3243284190297,-0.437083205607111,-0.158808050033915,0.885289938167512,0.366214624962023,0.867580773739653,0.336437883570251,0.821489573786629,-0.471257471327225,0.321047155225104
453092.7,4376573.3,0,0.241687061971583,0.0566528243231495,-0.422604635060045,-0.361814754958664,-0.0902340304701088,0.92787278375827,0.285428354437757,0.936784208350453,0.202400596511396,0.887479992775699,-0.338072724025962,0.313186997962096
453092.7,4377573.3,0,0.278172080166237,0.0418014389293471,-0.499089165068114,-0.326926125051823,-0.0326006341373669,0.944487431050536,0.196705377511756,0.975168927395182,0.10174751840162,0.924351828697578,-0.219049678604585,0.312395478659136
453092.7,4378573.3,0,0.310425524910135,0.0201258472087912,-0.547014111194465,0.318769863458354,0.00198411813664226,-0.94783006780011,0.11898744594014,0.992003070243458,0.0420938990376971,-0.940333856595297,0.126198145401481,-0.315984598102252
453092.7,4379573.3,0,0.335404061875549,-0.00170910917560916,-0.571296727331443,0.321361401394973,-0.00889296734705895,-0.94691486672521,0.0609667567293558,0.998075635192091,0.0113172880941827,-0.94499201280612,0.0613672678849834,-0.321285160200359
453092.7,4380573.3,0,0.352819024156822,-0.0199472166127357,-0.580851988840765,0.326337607710443,-0.00877790440182548,-0.945212523292057,0.0222500448373545,0.999751152802762,-0.00160249002623203,-0.944991376309096,0.0205080682625367,-0.32645170827793
453092.7,4381573.3,0,0.363498532723787,-0.0328878713963817,-0.583608610957924,0.330120026932319,-0.00310456376227429,-0.943933858647973,-0.0016332697633497,0.999991215857605,-0.00386013438995389,-0.943937551031892,-0.0028160062987058,-0.330112056520874
453092.7,4382573.3,0,0.368459812333208,-0.0403143064159898,-0.584330600469579,0.331550430315506,0.0045244585333139,-0.943426648676294,0.0167448272165009,-0.999859201882912,0.00108957402524128,0.943288886248053,0.0161587649604563,0.331579509915586
453092.7,4383573.3,0,0.368527478065188,-0.0429715665693244,-0.584637692891262,0.330649336386599,0.0127421345021677,-0.943667660967266,0.0284232425556132,-0.999589716437548,-0.00353808916312738,0.943325572445551,0.0256522279856962,0.330875849178576
453092.7,4384573.3,0,0.36374940225282,-0.0409278999621705,-0.584820737680995,0.327191468498867,0.0215199120151268,-0.94471299151034,0.0407997643189121,-0.999130082072001,-0.00862892405333677,0.944076862428625,0.03572075707006,0.327784846112913
453092.7,4385573.3,0,0.353539430398993,-0.033451567178366,-0.584161075345089,0.32083069681544,0.0294921092759262,-0.94667728369882,0.0585388271026001,-0.998221639400428,-0.0112589677224123,0.945325800823383,0.0518051553726,0.321986577630884
453092.7,4386573.3,0,0.337273485961102,-0.0201248173588997,-0.579803839370094,0.312253142427469,0.0338864068069458,-0.949394378789913,0.0871233688151464,-0.996173623711085,-0.00690145119710702,0.945995504032906,0.080559436790734,0.314010642325207
453092.7,4387573.3,0,0.314247432551216,-0.00100673399640886,-0.566386322615784,0.303576054717148,0.0310175939188339,-0.952302204066471,0.132315125125201,-0.991158296662468,0.0098963943058322,0.943575268150598,0.12900829362735,0.304996022121414
453092.7,4388573.3,0,0.284094705086119,0.0221349235861257,-0.535663356600561,-0.300210088829445,-0.0134380687809767,0.953778444332044,0.198936900160431,-0.978795215593977,0.0488265878891699,-0.932897643002476,-0.204399961442701,-0.296517526366733
453092.7,4389573.3,0,0.248518303794295,0.0434480274821128,-0.478471745137045,0.315337506563739,-0.0298374843092201,-0.948510401357972,0.28489977105476,-0.950422767296329,0.124614139878799,0.905204052911336,0.30952590834191,0.291203253172086
453092.7,4390573.3,0,0.211892079411644,0.0547213345571404,-0.39323759539596,0.367933130818556,-0.0989233718889168,-0.924575241794946,0.374474049600403,-0.894362980764969,0.244712167276324,0.851113621922438,0.436267148810597,0.292021535929701
454092.7,4373573.3,0,0.108122015147824,0.0291638967923608,-0.12350557861881,-0.596751278286132,-0.182948780300872,0.781292298471123,0.460014131781053,0.719782204274287,0.519904392145107,0.657476167192083,-0.669659108947584,0.345371926157782
454092.7,4374573.3,0,0.127784371641207,0.0368441976806545,-0.17943052755111,-0.511291514516036,-0.185392917344413,0.839172481306689,0.420318652025737,0.797758241325241,0.432335540011375,0.749608709890143,-0.573769339191444,0.329962918311509
454092.7,4375573.3,0,0.14914199773844,0.0416285707294873,-0.242530956225464,-0.428823557125324,-0.150528631199318,0.890758939356571,0.365944315741965,0.872555379307884,0.323623033508154,0.825951036460715,-0.464745350950533,0.319087204599834
454092.7,4376573.3,0,0.171923274986891,0.0405171944702566,-0.303938462847314,-0.367225402699966,-0.0964633920510508,0.925116380573738,0.296424745051218,0.930610197782779,0.214702189797906,0.88163363940651,-0.353071485363377,0.313149568241968
454092.7,4377573.3,0,0.194746260243656,0.0328774120153577,-0.354950128154115,-0.333284129838144,-0.048345432546996,0.941586112870127,0.220433794008989,0.967009761380848,0.12767561964979,0.916695495383737,-0.250109657042664,0.311632039747467
454092.7,4378573.3,0,0.215426117240555,0.0208780171323236,-0.391245916257947,0.320247542394183,0.0176024941182522,-0.94717034570942,0.149812776114087,0.986304965660431,0.0689829459110538,-0.935413087199167,0.163989837838794,-0.313224662793545
454092.7,4379573.3,0,0.232290113320273,0.00762955401075044,-0.413585125576273,0.318171223585977,0.00273435540690819,-0.948029322216518,0.091820583909596,0.995205602529005,0.0336866303654918,-0.943576204051535,0.0977667223312164,-0.316394714166194
454092.7,4380573.3,0,0.244707630959445,-0.00434861105300178,-0.425608101845872,0.320126584651371,-0.00137266412974598,-0.947373783462808,0.0480618967706839,0.998734803022725,0.0147934887691326,-0.946154862524235,0.0502683700187831,-0.319787534305829
454092.7,4381573.3,0,0.252752661061257,-0.0134837664386035,-0.431393937033962,0.322400101942472,0.00082227769592699,-0.946603136550304,0.0164151466785689,0.999844398088233,0.0064593011309885,-0.946461154631823,0.0176211086759742,-0.322336438061267
454092.7,4382573.3,0,0.256761878745998,-0.0190604425595476,-0.433956021291602,0.323334478466741,0.00615763981190736,-0.946264708475692,0.00715599224211779,-0.999966145714045,-0.00406192082983072,0.946257685205077,0.00545810385975563,0.323367596231572
454092.7,4383573.3,0,0.257028214212738,-0.0209197195792711,-0.43482095803638,0.322356457718298,0.0127423074876271,-0.946532592025864,0.0271759444817157,-0.999621834923886,-0.00420180734100121,0.946228187177299,0.0243684374405696,0.322580838004782
454092.7,4384573.3,0,0.253602755003243,-0.0189932684344413,-0.434302732957532,0.319282668396633,0.019325381244248,-0.947462456934991,0.0480521214007562,-0.998836082002403,-0.0041803013019299,0.946440474245693,0.0441928832489167,0.31983967511823
454092.7,4385573.3,0,0.246307014915819,-0.0132065239503129,-0.431614926451833,0.314278199106295,0.0242423345203138,-0.949021350014587,0.074242752485111,-0.997239803413568,-0.000887801274013092,0.946423386899298,0.0701789406066577,0.315210547135385
454092.7,4386573.3,0,0.234892585707783,-0.0037665344735807,-0.42468530432695,0.308335753122814,0.0249516747036794,-0.950950302211251,0.110145546786991,-0.99386875935881,0.00963575080497222,0.944879368950969,0.107713987485667,0.309193588275623
454092.7,4387573.3,0,0.219209401390379,0.00853088083553764,-0.410170230818761,-0.303925136635075,-0.0177983981892256,0.95252964696289,0.15941499585991,-0.986678906350516,0.032428303346521,-0.939263738476226,-0.161703286252466,-0.302713853001176
454092.7,4388573.3,0,0.199532906588451,0.0218522706393193,-0.383994699470805,-0.306197857576203,0.00242312928441842,0.951964810515711,0.223464008343371,-0.971872328258141,0.0743506189699445,-0.925368417977865,-0.23549587259774,-0.297043742567609
454092.7,4389573.3,0,0.177041108743127,0.0331002239503738,-0.343102496592857,0.324207566890546,-0.0406974605848476,-0.945110136583487,0.298692672713516,-0.943560802078187,0.143093326360193,0.897592413536438,0.328689411882271,0.29375351858032
454092.7,4390573.3,0,0.15379800771676,0.0389924696150657,-0.288439630733645,0.368290160772878,-0.0945956406934761,-0.924885950936481,0.374681662009031,-0.895344718364675,0.240772688340333,0.850867797975713,0.435212017364263,0.294303398399832
